PROGENY,FLOWERS_TO_POLLINATE_REQUIRED,PARENT1,P1L1FC,P1L1,P1L2FC,P1L2,P1L3FC,P1L3,P1L4FC,P1L4,PARENT2,P2L1FC,P2L1,P2L2FC,P2L2,P2L3FC,P2L3,P2L4FC,P2L4,RECIPROCAL_DONE,NEW_LABELS
2026-999,87,16-058.404,,,,,,,,,18-262.401,,,,,,,,,FALSE,FALSE
2026-998,87,16-058.404,,,,,,,,,DSA25,,,,,,,,,FALSE,FALSE
2026-997,87,16-136.403,Terraza 2,B06,Terraza 2,B06,,,,,DSA25,,,,,,,,,FALSE,FALSE
2026-996,87,17-037.103,Terraza 2,B06,,,,,,,18-262.401,,,,,,,,,FALSE,FALSE
2026-995,87,16-136.403,Terraza 2,B06,Terraza 2,B06,,,,,18-262.401,,,,,,,,,FALSE,FALSE
2026-994,87,T075.103,,,,,,,,,DSA25,,,,,,,,,FALSE,FALSE
2026-993,87,16-058.403,,,,,,,,,18-250.402,,,,,,,,,FALSE,FALSE
2026-992,87,18-250.402,,,,,,,,,16-094.404,,,,,,,,,FALSE,FALSE
2026-991,87,16-136.403,Terraza 2,B06,Terraza 2,B06,,,,,16-094.404,,,,,,,,,FALSE,FALSE
2026-990,87,16-136.403,Terraza 2,B06,Terraza 2,B06,,,,,16-343.502,,,,,,,,,FALSE,FALSE
2026-989,457,20-374.401,,,,,,,,,18-183.101,,,,,,,,,FALSE,FALSE
2026-988,457,22-612.401,,,,,,,,,18-183.101,,,,,,,,,FALSE,FALSE
2026-987,457,19-060.101,,,,,,,,,18-183.101,,,,,,,,,FALSE,FALSE
2026-986,457,20-410.401,,,,,,,,,18-183.101,,,,,,,,,FALSE,FALSE
2026-985,457,21-437.403,,,,,,,,,19-060.101,,,,,,,,,FALSE,FALSE
2026-984,457,18-183.101,,,,,,,,,18-250.402,,,,,,,,,FALSE,FALSE
2026-983,457,18-183.101,,,,,,,,,16-091.403,,,,,,,,,FALSE,FALSE
2026-982,457,_45K308,,,,,,,,,20-374.401,,,,,,,,,FALSE,FALSE
2026-981,457,20-374.401,,,,,,,,,18-127.101,,,,,,,,,FALSE,FALSE
2026-980,457,20-408.402,,,,,,,,,21-437.403,,,,,,,,,FALSE,FALSE
2026-979,275,16-007.401,,,,,,,,,20-410.401,,,,,,,,,FALSE,FALSE
2026-978,275,20-194.102,,,,,,,,,16-007.401,,,,,,,,,FALSE,FALSE
2026-977,275,23M015.001,,,,,,,,,22-612.401,,,,,,,,,FALSE,FALSE
2026-976,275,23M045.001,,,,,,,,,20-384.402,,,,,,,,,FALSE,FALSE
2026-975,686,20-384.402,,,,,,,,,21-416.499,,,,,,,,,FALSE,FALSE
2026-974,457,21-029.401,,,,,,,,,22-615.404,,,,,,,,,FALSE,FALSE
2026-973,457,P192.104,,,,,,,,,17-016.102,,,,,,,,,FALSE,FALSE
2026-972,275,19-089.401,,,,,,,,,21-161.108,,,,,,,,,FALSE,FALSE
2026-971,457,18-262.401,,,,,,,,,19-081.105,,,,,,,,,FALSE,FALSE
2026-970,457,21-440.401,,,,,,,,,16-346.501,,,,,,,,,FALSE,FALSE
2026-969,457,18-234.401,,,,,,,,,21-440.401,,,,,,,,,FALSE,FALSE
2026-968,457,P192.104,,,,,,,,,18-137.402,,,,,,,,,FALSE,FALSE
2026-967,457,21-389.499,,,,,,,,,18-234.401,,,,,,,,,FALSE,FALSE
2026-966,457,22-630.405,,,,,,,,,22-612.401,,,,,,,,,FALSE,FALSE
2026-965,686,22-597.405,,,,,,,,,19-060.101,,,,,,,,,FALSE,FALSE
2026-964,275,23M024.001,,,,,,,,,18-183.101,,,,,,,,,FALSE,FALSE
2026-963,686,21-440.401,,,,,,,,,16-136.403,,,,,,,,,FALSE,FALSE
2026-962,457,22-623.401,,,,,,,,,16-136.403,,,,,,,,,FALSE,FALSE
2026-961,275,16-136.403,,,,,,,,,23M024.002,,,,,,,,,FALSE,FALSE
2026-960,686,20-384.402,,,,,,,,,16-091.403,,,,,,,,,FALSE,FALSE
2026-959,457,R075.103,,,,,,,,,21-440.401,,,,,,,,,FALSE,FALSE
2026-958,275,23M052.001,,,,,,,,,16-136.403,,,,,,,,,FALSE,FALSE
2026-957,457,21-161.110,,,,,,,,,18-127.101,,,,,,,,,FALSE,FALSE
2026-956,686,18-262.401,,,,,,,,,18-127.101,,,,,,,,,FALSE,FALSE
2026-955,686,19-009.401,,,,,,,,,20-410.401,,,,,,,,,FALSE,FALSE
2026-954,457,21-440.401,,,,,,,,,16-058.402,,,,,,,,,FALSE,FALSE
2026-953,686,18-205.103,,,,,,,,,16-112.401,,,,,,,,,FALSE,FALSE
2026-952,686,22-597.403,,,,,,,,,18-205.104,,,,,,,,,FALSE,FALSE
2026-951,457,146C  6,,,,,,,,,18-265.401,,,,,,,,,FALSE,FALSE
2026-950,686,18-205.103,,,,,,,,,18-168.104,,,,,,,,,FALSE,FALSE
2026-949,686,R068.101,,,,,,,,,146C  6,,,,,,,,,FALSE,FALSE
2026-948,686,17-040.102,,,,,,,,,18-270.403,,,,,,,,,FALSE,FALSE
2026-947,457,22-597.403,,,,,,,,,21-029.401,,,,,,,,,FALSE,FALSE
2026-946,686,21-431.401,,,,,,,,,18-197.102,,,,,,,,,FALSE,FALSE
2026-945,457,P192.104,,,,,,,,,20-384.402,,,,,,,,,FALSE,FALSE
2026-944,457,20-386.499,,,,,,,,,18-234.401,,,,,,,,,FALSE,FALSE
2026-943,275,20-384.402,,,,,,,,,16-007.401,,,,,,,,,FALSE,FALSE
2026-942,686,_45K308,,,,,,,,,20-386.499,,,,,,,,,FALSE,FALSE
2026-941,275,20-384.403,,,,,,,,,16-007.401,,,,,,,,,FALSE,FALSE
2026-940,457,20-384.402,,,,,,,,,19-009.401,,,,,,,,,FALSE,FALSE
2026-939,457,N262.101,,,,,,,,,20-384.402,,,,,,,,,FALSE,FALSE
2026-938,686,R075.103,,,,,,,,,20-384.402,,,,,,,,,FALSE,FALSE
2026-937,275,23M029.001,,,,,,,,,16-312.201,,,,,,,,,FALSE,FALSE
2026-936,457,19-005.402,,,,,,,,,18-234.401,,,,,,,,,FALSE,FALSE
2026-935,275,23M015.002,,,,,,,,,16-007.401,,,,,,,,,FALSE,FALSE
2026-934,275,23M047.001,,,,,,,,,23M015.003,,,,,,,,,FALSE,FALSE
2026-933,275,23M016.001,,,,,,,,,23M015.004,,,,,,,,,FALSE,FALSE
2026-932,457,18-252.401,,,,,,,,,19-163.403,,,,,,,,,FALSE,FALSE
2026-931,275,23M051.005,,,,,,,,,20-384.402,,,,,,,,,FALSE,FALSE
2026-930,686,16-312.201,,,,,,,,,19-009.401,,,,,,,,,FALSE,FALSE
2026-929,457,20-384.402,,,,,,,,,16-137.403,,,,,,,,,FALSE,FALSE
2026-928,686,19-005.401,,,,,,,,,16-312.201,,,,,,,,,FALSE,FALSE
2026-927,686,R068.104,,,,,,,,,22-630.402,,,,,,,,,FALSE,FALSE
2026-926,686,20-414.401,,,,,,,,,18-131.402,,,,,,,,,FALSE,FALSE
2026-925,457,20-409.499,,,,,,,,,18-131.402,,,,,,,,,FALSE,FALSE
2026-924,686,19-005.401,,,,,,,,,18-131.402,,,,,,,,,FALSE,FALSE
2026-923,457,19-163.401,,,,,,,,,16-091.403,,,,,,,,,FALSE,FALSE
2026-922,457,20-414.401,,,,,,,,,19-009.401,,,,,,,,,FALSE,FALSE
2026-921,457,20-412.402,,,,,,,,,16-136.402,,,,,,,,,FALSE,FALSE
2026-920,457,20-414.401,,,,,,,,,16-136.403,,,,,,,,,FALSE,FALSE
2026-919,457,20-409.499,,,,,,,,,16-063.402,,,,,,,,,FALSE,FALSE
2026-918,686,22-626.402,,,,,,,,,18-131.405,,,,,,,,,FALSE,FALSE
2026-917,275,21-039.403,,,,,,,,,19-005.402,,,,,,,,,FALSE,FALSE
2026-916,457,18-281.401,,,,,,,,,19-163.401,,,,,,,,,FALSE,FALSE
2026-915,457,19-009.401,,,,,,,,,21-440.401,,,,,,,,,FALSE,FALSE
2026-914,457,19-005.402,,,,,,,,,21-440.401,,,,,,,,,FALSE,FALSE
2026-913,275,18-131.404,,,,,,,,,21-161.104,,,,,,,,,FALSE,FALSE
2026-912,275,21-162.101,,,,,,,,,18-131.404,,,,,,,,,FALSE,FALSE
2026-911,686,17-016.102,,,,,,,,,18-250.402,,,,,,,,,FALSE,FALSE
2026-910,914,18-262.401,,,,,,,,,R075.103,,,,,,,,,FALSE,FALSE
2026-909,686,17-040.102,,,,,,,,,16-312.201,,,,,,,,,FALSE,FALSE
2026-908,1371,18-126.401,,,,,,,,,16-058.402,,,,,,,,,FALSE,FALSE
2026-907,1371,18-129.401,,,,,,,,,N262.101,,,,,,,,,FALSE,FALSE
2026-906,686,18-234.401,,,,,,,,,16-058.404,,,,,,,,,FALSE,FALSE
2026-905,686,16-058.404,,,,,,,,,16-136.402,,,,,,,,,FALSE,FALSE
2026-904,686,18-250.402,,,,,,,,,18-129.401,,,,,,,,,FALSE,FALSE
2026-903,457,R075.103,,,,,,,,,18-137.402,,,,,,,,,FALSE,FALSE
2026-902,686,18-137.402,,,,,,,,,19-009.401,,,,,,,,,FALSE,FALSE
2026-901,686,19-005.401,,,,,,,,,18-137.402,,,,,,,,,FALSE,FALSE
2026-900,457,18-137.401,,,,,,,,,18-262.401,,,,,,,,,FALSE,FALSE
2026-899,457,18-265.401,,,,,,,,,18-137.401,,,,,,,,,FALSE,FALSE
2026-898,914,R008.102,,,,,,,,,R068.101,,,,,,,,,FALSE,FALSE
2026-897,1143,19-005.401,,,,,,,,,R008.102,,,,,,,,,FALSE,FALSE
2026-896,686,18-183.101,,,,,,,,,18-262.401,,,,,,,,,FALSE,FALSE
2026-895,275,18-132.401,,,,,,,,,21-128.102,,,,,,,,,FALSE,FALSE
2026-894,457,18-183.101,,,,,,,,,16-136.403,,,,,,,,,FALSE,FALSE
2026-893,457,R008.103,,,,,,,,,16-058.402,,,,,,,,,FALSE,FALSE
2026-892,457,16-058.404,,,,,,,,,R008.103,,,,,,,,,FALSE,FALSE
2026-891,457,R008.103,,,,,,,,,18-262.401,,,,,,,,,FALSE,FALSE
2026-890,457,22-612.401,,,,,,,,,18-129.401,,,,,,,,,FALSE,FALSE
2026-889,686,22-615.404,,,,,,,,,17-243.404,,,,,,,,,FALSE,FALSE
2026-888,275,17-243.404,,,,,,,,,18-131.403,,,,,,,,,FALSE,FALSE
2026-887,686,17-134.401,,,,,,,,,22-632.402,,,,,,,,,FALSE,FALSE
2026-886,686,20-410.401,,,,,,,,,18-234.401,,,,,,,,,FALSE,FALSE
2026-885,457,18-234.401,,,,,,,,,22-591.402,,,,,,,,,FALSE,FALSE
2026-884,457,18-265.403,,,,,,,,,17-134.401,,,,,,,,,FALSE,FALSE
2026-883,686,18-265.404,,,,,,,,,21-405.402,,,,,,,,,FALSE,FALSE
2026-882,3199,22-599.401,,,,,,,,,18-255.403,,,,,,,,,FALSE,FALSE
2026-881,1143,18-255.403,,,,,,,,,18-262.401,,,,,,,,,FALSE,FALSE
2026-880,686,16-072.403,,,,,,,,,17-016.102,,,,,,,,,FALSE,FALSE
2026-879,457,18-138.102,,,,,,,,,16-072.403,,,,,,,,,FALSE,FALSE
2026-878,275,S010.101,,,,,,,,,19-276.402,,,,,,,,,FALSE,FALSE
2026-877,275,S010.101,,,,,,,,,19-281.401,,,,,,,,,FALSE,FALSE
2026-876,686,19-281.401,,,,,,,,,18-265.404,,,,,,,,,FALSE,FALSE
2026-875,686,18-250.402,,,,,,,,,19-281.401,,,,,,,,,FALSE,FALSE
2026-874,457,17-016.102,,,,,,,,,20-366.401,,,,,,,,,FALSE,FALSE
2026-873,457,16-346.501,,,,,,,,,18-138.102,,,,,,,,,FALSE,FALSE
2026-872,457,20-366.401,,,,,,,,,19-281.401,,,,,,,,,FALSE,FALSE
2026-871,457,22-610.401,,,,,,,,,16-312.201,,,,,,,,,FALSE,FALSE
2026-870,1600,22-615.409,,,,,,,,,_45K308,,,,,,,,,FALSE,FALSE
2026-869,457,19-171.401,,,,,,,,,16-346.501,,,,,,,,,FALSE,FALSE
2026-868,457,16-058.404,,,,,,,,,16-346.501,,,,,,,,,FALSE,FALSE
2026-867,457,18-282.403,,,,,,,,,22-626.401,,,,,,,,,FALSE,FALSE
2026-866,457,22-597.402,,,,,,,,,18-282.403,,,,,,,,,FALSE,FALSE
2026-865,457,18-120.401,,,,,,,,,19-281.401,,,,,,,,,FALSE,FALSE
2026-864,457,20-366.401,,,,,,,,,18-120.401,,,,,,,,,FALSE,FALSE
2026-863,686,16-137.403,,,,,,,,,18-265.401,,,,,,,,,FALSE,FALSE
2026-862,457,18-126.401,,,,,,,,,16-137.403,,,,,,,,,FALSE,FALSE
2026-861,686,20-366.401,,,,,,,,,18-126.401,,,,,,,,,FALSE,FALSE
2026-860,1143,18-004.402,,,,,,,,,19-140.402,,,,,,,,,FALSE,FALSE
2026-859,686,20-360.401,,,,,,,,,18-004.402,,,,,,,,,FALSE,FALSE
2026-858,275,16-007.401,,,,,,,,,20-428.401,,,,,,,,,FALSE,FALSE
2026-857,686,20-428.401,,,,,,,,,18-126.402,,,,,,,,,FALSE,FALSE
2026-856,686,18-126.402,,,,,,,,,20-408.405,,,,,,,,,FALSE,FALSE
2026-855,686,20-398.498,,,,,,,,,17-142.401,,,,,,,,,FALSE,FALSE
2026-854,275,17-142.401,,,,,,,,,23M013.001,,,,,,,,,FALSE,FALSE
2026-853,275,23M013.001,,,,,,,,,16-058.402,,,,,,,,,FALSE,FALSE
2026-852,686,16-063.402,,,,,,,,,R068.101,,,,,,,,,FALSE,FALSE
2026-851,1143,22-591.401,,,,,,,,,16-063.402,,,,,,,,,FALSE,FALSE
2026-850,457,16-063.402,,,,,,,,,20-366.401,,,,,,,,,FALSE,FALSE
2026-849,21,17-176.401,,,,,,,,,20-428.401,#N/A,,,,,,,,FALSE,FALSE
2026-848,19,22K434.004,24A,,,,,,,,16-058.404,09B - 10B,,,,,,,,FALSE,FALSE
2026-847,19,22K434.012,24A,,,,,,,,17-037.103,12A,,,,,,,,FALSE,FALSE
2026-846,19,22K434.035,24A,,,,,,,,18-183.101,11A,,,,,,,,FALSE,FALSE
2026-845,19,22K434.051,24A,,,,,,,,18-262.401,20B,,,,,,,,FALSE,FALSE
2026-844,14,17-037.103,12A,,,,,,,,23-277.501,pollen P2 - pollen P2,,,,,,,,FALSE,FALSE
2026-843,14,18-183.101,11A,,,,,,,,23-399.504,pollen P2 - pollen P2,,,,,,,,FALSE,FALSE
2026-842,14,17-435.901,03A,,,,,,,,23-474.502,18B,,,,,,,,FALSE,FALSE
2026-841,14,18-262.401,20B,,,,,,,,23-484.501,20A,,,,,,,,FALSE,FALSE
2026-840,14,18-234.401,20B,,,,,,,,23-486.502,20B,,,,,,,,FALSE,FALSE
2026-839,14,S256.901,08B,,,,,,,,23-503.501,18B,,,,,,,,FALSE,FALSE
2026-838,14,S216.901,08B,,,,,,,,23-504.503,18A,,,,,,,,FALSE,FALSE
2026-837,14,N169.901,07A,,,,,,,,23-509.501,18A,,,,,,,,FALSE,FALSE
2026-836,17,Pink Popcorn,07B,,,,,,,,NJ-701,20A - 24B,,,,,,,,FALSE,FALSE
2026-835,17,20-035.904,pollen P2 - pollen P2,,,,,,,,NJ-701,20A - 24B,,,,,,,,FALSE,FALSE
2026-834,17,20-036.904,pollen P2 - pollen P2,,,,,,,,NJ-701,20A - 24B,,,,,,,,FALSE,FALSE
2026-833,19,16-178.101,10B - 12A,,,,,,,,VAC-0892,pollen P2 - pollen P2,,,,,,,,FALSE,FALSE
2026-832,19,DSA25,24A,,,,,,,,VAC-0892,pollen P2 - pollen P2,,,,,,,,FALSE,FALSE
2026-831,19,18-265.404,20B - 22A,,,,,,,,VAC-0892,pollen P2 - pollen P2,,,,,,,,FALSE,FALSE
2026-830,19,16-178.101,10B - 12A,,,,,,,,VAC-0894,pollen P2 - pollen P2,,,,,,,,FALSE,FALSE
2026-829,19,18-262.401,20B,,,,,,,,VAC-0894,pollen P2 - pollen P2,,,,,,,,FALSE,FALSE
2026-828,19,18-265.404,20B - 22A,,,,,,,,VAC-0894,pollen P2 - pollen P2,,,,,,,,FALSE,FALSE
2026-827,19,16-178.101,10B - 12A,,,,,,,,VAC-0893,pollen P2 - pollen P2,,,,,,,,FALSE,FALSE
2026-826,19,16-058.404,09B - 10B,,,,,,,,VAC-0893,pollen P2 - pollen P2,,,,,,,,FALSE,FALSE
2026-825,19,16-007.401,20A,,,,,,,,VAC-0893,pollen P2 - pollen P2,,,,,,,,FALSE,FALSE
2026-824,13,Pink Popcorn,07B,,,,,,,,24K830.005,pollen P2 - pollen P2,,,,,,,,FALSE,FALSE
2026-823,13,22-93.5002,,,,,,,,,24K830.005,pollen P2 - pollen P2,,,,,,,,FALSE,FALSE
2026-822,13,22-93.5008,,,,,,,,,24K830.015,pollen P2 - pollen P2,,,,,,,,FALSE,FALSE
2026-821,13,20-035.904,pollen P2 - pollen P2,,,,,,,,24K830.020,pollen P2 - pollen P2,,,,,,,,FALSE,FALSE
2026-820,13,16-178.101,10B - 12A,,,,,,,,22K652.002,pollen P2 - pollen P2,,,,,,,,FALSE,FALSE
2026-819,13,20-035.904,pollen P2 - pollen P2,,,,,,,,22K652.002,pollen P2 - pollen P2,,,,,,,,FALSE,FALSE
2026-818,13,20-036.904,pollen P2 - pollen P2,,,,,,,,24K830.020,pollen P2 - pollen P2,,,,,,,,FALSE,FALSE
2026-817,13,20-035.904,pollen P2 - pollen P2,,,,,,,,24K830.015,pollen P2 - pollen P2,,,,,,,,FALSE,FALSE
2026-816,13,20-035.904,pollen P2 - pollen P2,,,,,,,,22-93.5002,,,,,,,,,FALSE,FALSE
2026-815,13,20-036.904,pollen P2 - pollen P2,,,,,,,,22-93.5003,pollen P2 - pollen P2,,,,,,,,FALSE,FALSE
2026-814,13,16-178.101,10B - 12A,,,,,,,,22-93.5004,pollen P2 - pollen P2,,,,,,,,FALSE,FALSE
2026-813,13,S216.901,08B,,,,,,,,22-93.5008,,,,,,,,,FALSE,FALSE
2026-812,13,17-435.901,03A,,,,,,,,22-93.5010,pollen P2 - pollen P2,,,,,,,,FALSE,FALSE
2026-811,13,18-262.401,20B,,,,,,,,22-93.5012,pollen P2 - pollen P2,,,,,,,,FALSE,FALSE
2026-810,13,18-234.401,20B,,,,,,,,22-93.5013,pollen P2 - pollen P2,,,,,,,,FALSE,FALSE
2026-809,13,Pink Popcorn,07B,,,,,,,,18-386.901,06A,,,,,,,,FALSE,FALSE
2026-808,13,ARS 96-138,07A,,,,,,,,16-178.101,10B - 12A,,,,,,,,FALSE,FALSE
2026-807,17,ARS 96-138,07A,,,,,,,,18-120.401,18A,,,,,,,,FALSE,FALSE
2026-806,13,Pink Popcorn,07B,,,,,,,,16-058.404,09B - 10B,,,,,,,,FALSE,FALSE
2026-805,17,19-281.401,22B,,,,,,,,22-93.5002,,,,,,,,,FALSE,FALSE
2026-804,17,19-281.401,22B,,,,,,,,22-93.5008,,,,,,,,,FALSE,FALSE
2026-803,35,18-131.402,18B,,,,,,,,17-243.401,18A,,,,,,,,FALSE,FALSE
2026-802,10,18-131.402,18B,,,,,,,,22-370.102,21B,,,,,,,,FALSE,FALSE
2026-801,24,19-251.401,22A,,,,,,,,18-131.402,18B,,,,,,,,FALSE,FALSE
2026-800,35,18-132.401,18B,,,,,,,,16-178.101,10B - 12A,,,,,,,,FALSE,FALSE
2026-799,24,18-132.401,18B,,,,,,,,16-058.403,09B,,,,,,,,FALSE,FALSE
2026-798,24,S306.110,14B,,,,,,,,19-251.401,22A,,,,,,,,FALSE,FALSE
2026-797,47,18-169.101,20B,,,,,,,,16-058.403,09B,,,,,,,,FALSE,FALSE
2026-796,10,16-058.403,09B,,,,,,,,22-325.103,23A,,,,,,,,FALSE,FALSE
2026-795,24,18-168.104,11A,,,,,,,,16-058.403,09B,,,,,,,,FALSE,FALSE
2026-794,10,16-058.403,09B,,,,,,,,22-378.101,21B,,,,,,,,FALSE,FALSE
2026-793,24,R061.104,16A,,,,,,,,16-058.403,09B,,,,,,,,FALSE,FALSE
2026-792,35,19-274.401,22A,,,,,,,,16-058.403,09B,,,,,,,,FALSE,FALSE
2026-791,47,18-004.402,18A,,,,,,,,16-058.403,09B,,,,,,,,FALSE,FALSE
2026-790,47,18-248.401,11B,,,,,,,,16-058.403,09B,,,,,,,,FALSE,FALSE
2026-789,10,16-094.404,20A,,,,,,,,22-378.101,21B,,,,,,,,FALSE,FALSE
2026-788,35,S306.110,14B,,,,,,,,16-136.403,10B,,,,,,,,FALSE,FALSE
2026-787,10,16-058.403,09B,,,,,,,,22-328.104,23A,,,,,,,,FALSE,FALSE
2026-786,10,18-233.401,20B,,,,,,,,22-378.101,21B,,,,,,,,FALSE,FALSE
2026-785,35,S305.114,16B,,,,,,,,S010.104,16B,,,,,,,,FALSE,FALSE
2026-784,47,S305.116,16B,,,,,,,,S010.104,16B,,,,,,,,FALSE,FALSE
2026-783,35,S305.112,16B,,,,,,,,S010.104,16B,,,,,,,,FALSE,FALSE
2026-782,24,19-274.401,22A,,,,,,,,18-169.101,20B,,,,,,,,FALSE,FALSE
2026-781,35,16-112.401,10B,,,,,,,,16-058.403,09B,,,,,,,,FALSE,FALSE
2026-780,10,N332.106,14A,,,,,,,,22-378.101,21B,,,,,,,,FALSE,FALSE
2026-779,24,P192.104,24A,,,,,,,,18-169.101,20B,,,,,,,,FALSE,FALSE
2026-778,24,P224.102,16A - 16B,,,,,,,,16-058.403,09B,,,,,,,,FALSE,FALSE
2026-777,47,S306.110,14B,,,,,,,,196H  3,22B,,,,,,,,FALSE,FALSE
2026-776,10,Q057.102,16A,,,,,,,,22-378.101,21B,,,,,,,,FALSE,FALSE
2026-775,10,18-168.103,20A,,,,,,,,22-378.101,21B,,,,,,,,FALSE,FALSE
2026-774,10,18-148.101,11A,,,,,,,,22-378.101,21B,,,,,,,,FALSE,FALSE
2026-773,35,16-058.403,09B,,,,,,,,21-162.103,12B,,,,,,,,FALSE,FALSE
2026-772,35,P096.001,14A,,,,,,,,16-058.403,09B,,,,,,,,FALSE,FALSE
2026-771,10,22-358.104,23B,,,,,,,,22-315.102,21A - 21B,,,,,,,,TRUE,TRUE
2026-770,47,Q087.101,16A,,,,,,,,17-052.104,12A,,,,,,,,FALSE,FALSE
2026-769,47,18-168.103,20A,,,,,,,,18-004.402,18A,,,,,,,,FALSE,FALSE
2026-768,35,19-276.401,22A,,,,,,,,19-274.403,22A,,,,,,,,FALSE,FALSE
2026-767,35,S306.110,14B,,,,,,,,R068.104,16A,,,,,,,,FALSE,FALSE
2026-766,35,18-169.101,20B,,,,,,,,15-096.105,09A,,,,,,,,FALSE,FALSE
2026-765,35,18-248.401,11B,,,,,,,,18-004.402,18A,,,,,,,,FALSE,FALSE
2026-764,47,18-131.401,18A,,,,,,,,16-004.102,09B,,,,,,,,FALSE,FALSE
2026-763,35,R069.101,16A,,,,,,,,P192.104,24A,,,,,,,,FALSE,FALSE
2026-762,35,P192.104,24A,,,,,,,,15-098.101,09A - 09B,,,,,,,,FALSE,FALSE
2026-761,10,16-004.102,09B,,,,,,,,22-358.104,23B,,,,,,,,FALSE,FALSE
2026-760,35,R069.101,16A,,,,,,,,16-004.102,09B,,,,,,,,FALSE,FALSE
2026-759,47,P192.104,24A,,,,,,,,15-100.101,09B,,,,,,,,FALSE,FALSE
2026-758,24,17-242.402,12A,,,,,,,,16-004.102,09B,,,,,,,,FALSE,FALSE
2026-757,47,R069.101,16A,,,,,,,,15-096.105,09A,,,,,,,,FALSE,FALSE
2026-756,24,15-100.101,09B,,,,,,,,15-096.105,09A,,,,,,,,FALSE,FALSE
2026-755,24,18-120.401,18A,,,,,,,,15-100.101,09B,,,,,,,,TRUE,TRUE
2026-754,47,S372.101,14A - 14B,,,,,,,,16-178.101,10B - 12A,,,,,,,,FALSE,FALSE
2026-753,41,18-252.401,20B,,,,,,,,16-007.401,20A,,,,,,,,FALSE,FALSE
2026-752,24,S374.104,14B,,,,,,,,N262.101,14A,,,,,,,,FALSE,FALSE
2026-751,10,15-100.101,09B,,,,,,,,22-312.101,19A - 19B,,,,,,,,FALSE,FALSE
2026-750,24,17-044.102,12A,,,,,,,,15-100.101,09B,,,,,,,,FALSE,FALSE
2026-749,35,21-214.107,12B - 14A,,,,,,,,16-007.401,20A,,,,,,,,FALSE,FALSE
2026-748,35,18-120.401,18A,,,,,,,,16-178.101,10B - 12A,,,,,,,,TRUE,TRUE
2026-747,24,N262.101,14A,,,,,,,,16-178.101,10B - 12A,,,,,,,,FALSE,FALSE
2026-746,35,16-007.401,20A,,,,,,,,15-096.105,09A,,,,,,,,FALSE,FALSE
2026-745,31,16-007.401,20A,,,,,,,,14-058.101,10A,,,,,,,,FALSE,FALSE
2026-744,71,18-131.404,18B,,,,,,,,16-007.401,20A,,,,,,,,FALSE,FALSE
2026-743,24,N262.101,14A,,,,,,,,18-120.401,18A,,,,,,,,FALSE,FALSE
2026-742,10,16-178.101,10B - 12A,,,,,,,,22-331.102,23A,,,,,,,,FALSE,FALSE
2026-741,35,18-169.101,20B,,,,,,,,16-178.101,10B - 12A,,,,,,,,FALSE,FALSE
2026-740,35,16-178.101,10B - 12A,,,,,,,,14-063.103,10A - 09A,,,,,,,,FALSE,FALSE
2026-739,24,21-214.107,12B - 14A,,,,,,,,18-252.401,20B,,,,,,,,FALSE,FALSE
2026-738,47,18-148.101,11A,,,,,,,,16-007.401,20A,,,,,,,,FALSE,FALSE
2026-737,47,S372.101,14A - 14B,,,,,,,,18-252.401,20B,,,,,,,,FALSE,FALSE
2026-736,47,16-178.101,10B - 12A,,,,,,,,15-059.102,09A,,,,,,,,FALSE,FALSE
2026-735,24,18-120.401,18A,,,,,,,,16-007.401,20A,,,,,,,,FALSE,FALSE
2026-734,35,18-252.401,20B,,,,,,,,15-096.105,09A,,,,,,,,FALSE,FALSE
2026-733,35,16-007.401,20A,,,,,,,,14-063.103,10A - 09A,,,,,,,,FALSE,FALSE
2026-732,35,21-161.105,12B,,,,,,,,18-252.401,20B,,,,,,,,FALSE,FALSE
2026-731,24,18-252.401,20B,,,,,,,,16-091.403,10B,,,,,,,,FALSE,FALSE
2026-730,24,18-252.401,20B,,,,,,,,16-094.404,20A,,,,,,,,FALSE,FALSE
2026-729,10,16-007.401,20A,,,,,,,,22-331.102,23A,,,,,,,,FALSE,FALSE
2026-728,10,16-007.401,20A,,,,,,,,22-331.104,23A,,,,,,,,FALSE,FALSE
2026-727,35,16-068.401,20A,,,,,,,,16-007.401,20A,,,,,,,,FALSE,FALSE
2026-665,10,22-378.101,21B,,,,,,,,22-325.103,23A,,,,,,,,FALSE,FALSE
2026-726,10,18-252.401,20B,,,,,,,,22-325.103,23A,,,,,,,,FALSE,FALSE
2026-725,35,18-252.401,20B,,,,,,,,18-233.401,20B,,,,,,,,FALSE,FALSE
2026-724,47,21-161.110,24A,,,,,,,,18-252.401,20B,,,,,,,,FALSE,FALSE
2026-723,24,21-161.105,12B,,,,,,,,146C  6,09A,,,,,,,,FALSE,FALSE
2026-722,47,21-161.107,22B,,,,,,,,18-252.401,20B,,,,,,,,FALSE,FALSE
2026-721,35,P096.001,14A,,,,,,,,16-007.401,20A,,,,,,,,FALSE,FALSE
2026-720,10,146C  6,09A,,,,,,,,22-325.103,23A,,,,,,,,FALSE,FALSE
2026-719,35,N054.002,14A,,,,,,,,16-007.401,20A,,,,,,,,FALSE,FALSE
2026-718,35,18-252.401,20B,,,,,,,,18-148.101,11A,,,,,,,,FALSE,FALSE
2026-717,35,DSA25,24A,,,,,,,,18-252.401,20B,,,,,,,,FALSE,FALSE
2026-716,24,18-252.401,20B,,,,,,,,18-169.101,20B,,,,,,,,FALSE,FALSE
2026-715,24,DSA25,24A,,,,,,,,21-214.107,12B - 14A,,,,,,,,FALSE,FALSE
2026-714,24,18-252.401,20B,,,,,,,,18-120.401,18A,,,,,,,,FALSE,FALSE
2026-713,35,21-214.107,12B - 14A,,,,,,,,16-004.102,09B,,,,,,,,FALSE,FALSE
2026-712,35,18-252.401,20B,,,,,,,,16-008.101,09B,,,,,,,,FALSE,FALSE
2026-711,47,18-274.401,22A,,,,,,,,18-252.401,20B,,,,,,,,FALSE,FALSE
2026-710,24,18-252.401,20B,,,,,,,,17-209.401,18A,,,,,,,,FALSE,FALSE
2026-709,24,21-161.105,12B,,,,,,,,16-094.404,20A,,,,,,,,FALSE,FALSE
2026-708,35,18-252.401,20B,,,,,,,,17-052.104,12A,,,,,,,,FALSE,FALSE
2026-707,47,21-214.107,12B - 14A,,,,,,,,18-274.401,22A,,,,,,,,FALSE,FALSE
2026-706,10,16-091.403,10B,,,,,,,,22-325.103,23A,,,,,,,,FALSE,FALSE
2026-705,24,16-007.401,20A,,,,,,,,104K  1,10A,,,,,,,,FALSE,FALSE
2026-704,35,18-252.401,20B,,,,,,,,14-063.103,10A - 09A,,,,,,,,FALSE,FALSE
2026-703,35,21-157.101,22B,,,,,,,,18-252.401,20B,,,,,,,,FALSE,FALSE
2026-702,24,21-214.107,12B - 14A,,,,,,,,14-063.103,10A - 09A,,,,,,,,FALSE,FALSE
2026-701,47,18-148.101,11A,,,,,,,,146C  6,09A,,,,,,,,FALSE,FALSE
2026-700,24,18-169.101,20B,,,,,,,,146C  6,09A,,,,,,,,FALSE,FALSE
2026-699,47,18-120.401,18A,,,,,,,,15-096.105,09A,,,,,,,,TRUE,TRUE
2026-698,35,19-248.401,22A,,,,,,,,16-007.401,20A,,,,,,,,FALSE,FALSE
2026-697,47,18-274.401,22A,,,,,,,,15-096.105,09A,,,,,,,,FALSE,FALSE
2026-696,35,21-161.105,12B,,,,,,,,_45K308,10A,,,,,,,,FALSE,FALSE
2026-695,24,18-252.401,20B,,,,,,,,18-168.104,11A,,,,,,,,FALSE,FALSE
2026-694,47,20-196.101,11B,,,,,,,,18-252.401,20B,,,,,,,,FALSE,FALSE
2026-693,24,18-148.101,11A,,,,,,,,16-094.404,20A,,,,,,,,FALSE,FALSE
2026-692,47,18-274.401,22A,,,,,,,,18-131.404,18B,,,,,,,,FALSE,FALSE
2026-691,24,18-169.101,20B,,,,,,,,16-094.404,20A,,,,,,,,FALSE,FALSE
2026-690,47,16-094.404,20A,,,,,,,,16-004.102,09B,,,,,,,,FALSE,FALSE
2026-689,24,21-161.105,12B,,,,,,,,18-120.401,18A,,,,,,,,FALSE,FALSE
2026-688,10,18-252.401,20B,,,,,,,,22-272.102,21B,,,,,,,,FALSE,FALSE
2026-687,10,18-252.401,20B,,,,,,,,22-272.101,21B,,,,,,,,FALSE,FALSE
2026-686,47,Q039.103,16A,,,,,,,,18-252.401,20B,,,,,,,,FALSE,FALSE
2026-685,24,21-161.105,12B,,,,,,,,18-274.401,22A,,,,,,,,FALSE,FALSE
2026-684,35,18-274.401,22A,,,,,,,,16-094.404,20A,,,,,,,,FALSE,FALSE
2026-683,10,18-120.401,18A,,,,,,,,22-325.103,23A,,,,,,,,FALSE,FALSE
2026-682,10,21-214.107,12B - 14A,,,,,,,,22-272.102,21B,,,,,,,,FALSE,FALSE
2026-681,10,21-214.107,12B - 14A,,,,,,,,22-272.101,21B,,,,,,,,FALSE,FALSE
2026-680,24,21-161.105,12B,,,,,,,,18-131.402,18B,,,,,,,,FALSE,FALSE
2026-679,10,18-274.401,22A,,,,,,,,22-325.103,23A,,,,,,,,FALSE,FALSE
2026-678,47,21-161.105,12B,,,,,,,,14-063.103,10A - 09A,,,,,,,,FALSE,FALSE
2026-677,24,18-252.401,20B,,,,,,,,15-059.102,09A,,,,,,,,FALSE,FALSE
2026-676,24,16-091.403,10B,,,,,,,,14-063.103,10A - 09A,,,,,,,,FALSE,FALSE
2026-675,24,16-094.404,20A,,,,,,,,14-063.103,10A - 09A,,,,,,,,FALSE,FALSE
2026-674,10,18-131.402,18B,,,,,,,,22-325.103,23A,,,,,,,,FALSE,FALSE
2026-673,24,N014.001,14A,,,,,,,,16-007.401,20A,,,,,,,,FALSE,FALSE
2026-672,24,18-148.101,11A,,,,,,,,_45K308,10A,,,,,,,,FALSE,FALSE
2026-671,24,18-274.401,22A,,,,,,,,18-120.401,18A,,,,,,,,FALSE,FALSE
2026-670,24,18-274.401,22A,,,,,,,,18-131.402,18B,,,,,,,,FALSE,FALSE
2026-669,47,N054.002,14A,,,,,,,,18-120.401,18A,,,,,,,,FALSE,FALSE
2026-668,35,18-274.401,22A,,,,,,,,17-243.401,18A,,,,,,,,FALSE,FALSE
2026-667,10,18-120.401,18A,,,,,,,,22-335.102,23B,,,,,,,,FALSE,FALSE
2026-666,10,18-120.401,18A,,,,,,,,22-335.101,23B,,,,,,,,FALSE,FALSE
2026-664,10,22-378.101,21B,,,,,,,,21-161.103,11B - 12B,,,,,,,,FALSE,FALSE
2026-663,10,22-308.103,15A - 15B,,,,,,,,21-063.102,11B,,,,,,,,FALSE,FALSE
2026-662,10,20-114.105,11B,,,,,,,,22-370.102,21B,,,,,,,,FALSE,FALSE
2026-661,10,20-202.101,11B,,,,,,,,22-370.102,21B,,,,,,,,FALSE,FALSE
2026-660,10,22-370.102,21B,,,,,,,,22-326.102,23A,,,,,,,,FALSE,FALSE
2026-659,10,22-325.103,23A,,,,,,,,22-298.101,21A,,,,,,,,FALSE,FALSE
2026-658,10,22-326.102,23A,,,,,,,,22-273.104,21B,,,,,,,,FALSE,FALSE
2026-657,10,22-326.102,23A,,,,,,,,22-309.104,17A - 17B,,,,,,,,FALSE,FALSE
2026-656,10,22-351.101,23B,,,,,,,,22-298.101,21A,,,,,,,,FALSE,FALSE
2026-655,10,22-370.102,21B,,,,,,,,22-325.103,23A,,,,,,,,FALSE,FALSE
2026-654,10,20-114.105,11B,,,,,,,,22-284.102,21A,,,,,,,,FALSE,FALSE
2026-653,10,22-325.103,23A,,,,,,,,22-273.104,21B,,,,,,,,FALSE,FALSE
2026-652,10,20-196.101,11B,,,,,,,,22-370.102,21B,,,,,,,,FALSE,FALSE
2026-651,10,21-161.103,11B - 12B,,,,,,,,22-325.103,23A,,,,,,,,FALSE,FALSE
2026-650,10,20-106.104,11B,,,,,,,,22-325.103,23A,,,,,,,,FALSE,FALSE
2026-649,10,22-370.102,21B,,,,,,,,22-298.101,21A,,,,,,,,FALSE,FALSE
2026-648,10,21-063.102,11B,,,,,,,,22-306.101,13B,,,,,,,,FALSE,FALSE
2026-647,10,20-196.101,11B,,,,,,,,22-273.104,21B,,,,,,,,FALSE,FALSE
2026-646,10,21-161.110,24A,,,,,,,,22-351.101,23B,,,,,,,,FALSE,FALSE
2026-645,10,22-308.103,15A - 15B,,,,,,,,22-294.101,21A,,,,,,,,FALSE,FALSE
2026-644,10,21-161.103,11B - 12B,,,,,,,,22-351.101,23B,,,,,,,,FALSE,FALSE
2026-643,10,22-348.101,23B,,,,,,,,22-325.103,23A,,,,,,,,FALSE,FALSE
2026-642,10,20-110.102,11B,,,,,,,,22-325.103,23A,,,,,,,,FALSE,FALSE
2026-641,10,22-370.102,21B,,,,,,,,22-292.104,21A,,,,,,,,FALSE,FALSE
2026-640,10,20-121.102,11B,,,,,,,,22-370.102,21B,,,,,,,,FALSE,FALSE
2026-639,10,22-326.102,23A,,,,,,,,22-278.102,21A,,,,,,,,FALSE,FALSE
2026-638,10,22-326.102,23A,,,,,,,,22-284.102,21A,,,,,,,,FALSE,FALSE
2026-637,10,22-292.104,21A,,,,,,,,22-273.104,21B,,,,,,,,FALSE,FALSE
2026-636,10,21-161.103,11B - 12B,,,,,,,,22-292.104,21A,,,,,,,,FALSE,FALSE
2026-635,10,20-106.104,11B,,,,,,,,22-370.102,21B,,,,,,,,FALSE,FALSE
2026-634,10,21-161.110,24A,,,,,,,,22-273.104,21B,,,,,,,,FALSE,FALSE
2026-633,10,21-161.103,11B - 12B,,,,,,,,22-273.104,21B,,,,,,,,FALSE,FALSE
2026-632,10,21-162.103,12B,,,,,,,,22-370.102,21B,,,,,,,,FALSE,FALSE
2026-631,10,20-106.104,11B,,,,,,,,22-273.104,21B,,,,,,,,FALSE,FALSE
2026-630,10,21-110.105,11B,,,,,,,,22-370.102,21B,,,,,,,,FALSE,FALSE
2026-629,10,20-110.102,11B,,,,,,,,22-370.102,21B,,,,,,,,FALSE,FALSE
2026-628,10,_45K308,10A,,,,,,,,19-018.903,05B,,,,,,,,FALSE,FALSE
2026-627,10,_45K308,10A,,,,,,,,19-025.903,06B,,,,,,,,FALSE,FALSE
2026-626,24,18-194.001,03B,,,,,,,,17-434.902,03A,,,,,,,,FALSE,FALSE
2026-625,12,18-237.003,04B,,,,,,,,18-194.001,03B,,,,,,,,FALSE,FALSE
2026-624,24,18-237.003,04B,,,,,,,,15-228.904,01B,,,,,,,,FALSE,FALSE
2026-623,10,18-237.003,04B,,,,,,,,17-434.902,03A,,,,,,,,FALSE,FALSE
2026-622,24,18-237.003,04B,,,,,,,,17-435.901,03A,,,,,,,,FALSE,FALSE
2026-621,36,18-237.003,04B,,,,,,,,16-550.901,04A,,,,,,,,TRUE,TRUE
2026-620,24,18-386.901,06A,,,,,,,,18-323.902,04B,,,,,,,,FALSE,FALSE
2026-619,12,19-003.901,06A,,,,,,,,18-237.003,04B,,,,,,,,FALSE,FALSE
2026-618,12,19-017.901,05A,,,,,,,,16-405.901,02B,,,,,,,,FALSE,FALSE
2026-617,24,19-017.902,05A,,,,,,,,16-405.901,02B,,,,,,,,FALSE,FALSE
2026-616,10,19-018.902,05A - 05B,,,,,,,,19-027.901,06B - 08A,,,,,,,,FALSE,FALSE
2026-615,24,19-018.902,05A - 05B,,,,,,,,22-044.901,19A,,,,,,,,FALSE,FALSE
2026-614,10,19-018.903,05B,,,,,,,,19-025.903,06B,,,,,,,,FALSE,FALSE
2026-613,24,19-025.903,06B,,,,,,,,18-377.905,06A,,,,,,,,FALSE,FALSE
2026-612,24,19-027.901,06B - 08A,,,,,,,,17-435.901,03A,,,,,,,,FALSE,FALSE
2026-611,24,19-027.901,06B - 08A,,,,,,,,22-044.901,19A,,,,,,,,FALSE,FALSE
2026-610,24,19-027.901,06B - 08A,,,,,,,,22-020.901,15B,,,,,,,,FALSE,FALSE
2026-609,24,19-027.901,06B - 08A,,,,,,,,22-008.901,13A,,,,,,,,FALSE,FALSE
2026-608,12,19-043.902,08A,,,,,,,,19-017.901,05A,,,,,,,,FALSE,FALSE
2026-607,59,20-021.902,08A,,,,,,,,19-017.901,05A,,,,,,,,FALSE,FALSE
2026-606,24,21-284.301,14B,,,,,,,,15-216.911,01B,,,,,,,,FALSE,FALSE
2026-605,12,21-284.301,14B,,,,,,,,18-194.001,03B,,,,,,,,FALSE,FALSE
2026-604,10,21-284.301,14B,,,,,,,,17-434.902,03A,,,,,,,,FALSE,FALSE
2026-603,10,21-284.301,14B,,,,,,,,18-234.001,04B,,,,,,,,FALSE,FALSE
2026-602,59,21-284.301,14B,,,,,,,,18-344.901,04B,,,,,,,,FALSE,FALSE
2026-601,83,21-284.301,14B,,,,,,,,18-344.903,06A,,,,,,,,FALSE,FALSE
2026-600,24,21-361.901,07A,,,,,,,,16-413.901,02B,,,,,,,,FALSE,FALSE
2026-599,59,21-361.901,07A,,,,,,,,18-237.003,04B,,,,,,,,FALSE,FALSE
2026-598,130,21-361.901,07A,,,,,,,,21-284.301,14B,,,,,,,,TRUE,TRUE
2026-597,101,21-363.906,14B,,,,,,,,16-522.902,02B,,,,,,,,FALSE,FALSE
2026-596,10,21-363.906,14B,,,,,,,,17-434.902,03A,,,,,,,,FALSE,FALSE
2026-595,41,21-363.906,14B,,,,,,,,16-405.901,02B,,,,,,,,FALSE,FALSE
2026-594,10,21-363.906,14B,,,,,,,,18-194.001,03B,,,,,,,,FALSE,FALSE
2026-593,10,21-363.906,14B,,,,,,,,18-397.905,06A,,,,,,,,FALSE,FALSE
2026-592,24,21-363.906,14B,,,,,,,,19-018.912,05B,,,,,,,,FALSE,FALSE
2026-591,24,21-365.909,07A,,,,,,,,16-405.901,02B,,,,,,,,FALSE,FALSE
2026-590,24,21-365.909,07A,,,,,,,,16-522.902,02B,,,,,,,,TRUE,TRUE
2026-589,24,21-365.909,07A,,,,,,,,19-016.903,05A,,,,,,,,TRUE,TRUE
2026-588,24,21-365.909,07A,,,,,,,,19-018.902,05A - 05B,,,,,,,,FALSE,FALSE
2026-587,47,21-365.909,07A,,,,,,,,20-018.901,08A,,,,,,,,FALSE,FALSE
2026-586,24,17-434.902,03A,,,,,,,,22-004.902,16A,,,,,,,,FALSE,FALSE
2026-585,31,21-361.901,07A,,,,,,,,22-005.905,13A,,,,,,,,FALSE,FALSE
2026-584,31,21-363.906,14B,,,,,,,,22-005.905,13A,,,,,,,,FALSE,FALSE
2026-583,24,17-434.902,03A,,,,,,,,22-005.905,13A,,,,,,,,FALSE,FALSE
2026-582,24,16-405.901,02B,,,,,,,,22-005.905,13A,,,,,,,,FALSE,FALSE
2026-581,24,16-405.901,02B,,,,,,,,22-005.906,13A,,,,,,,,FALSE,FALSE
2026-580,24,22-005.905,13A,,,,,,,,22-008.902,13A,,,,,,,,TRUE,TRUE
2026-579,24,21-365.909,07A,,,,,,,,22-019.902,15A,,,,,,,,FALSE,FALSE
2026-578,24,19-017.901,05A,,,,,,,,22-019.903,15A - 15B,,,,,,,,FALSE,FALSE
2026-577,31,21-363.906,14B,,,,,,,,22-019.904,15B,,,,,,,,FALSE,FALSE
2026-576,24,21-365.909,07A,,,,,,,,22-019.904,15B,,,,,,,,TRUE,TRUE
2026-575,24,20-019.901,08A,,,,,,,,22-019.904,15B,,,,,,,,FALSE,FALSE
2026-574,24,16-405.901,02B,,,,,,,,22-020.901,15B,,,,,,,,FALSE,FALSE
2026-573,31,19-017.901,05A,,,,,,,,22-020.901,15B,,,,,,,,FALSE,FALSE
2026-572,24,17-434.902,03A,,,,,,,,22-022.903,15B,,,,,,,,FALSE,FALSE
2026-571,24,17-399.904,04A - 03A,,,,,,,,22-022.903,15B,,,,,,,,FALSE,FALSE
2026-570,24,17-407.905,03A,,,,,,,,22-022.903,15B,,,,,,,,FALSE,FALSE
2026-569,24,18-237.003,04B,,,,,,,,22-022.903,15B,,,,,,,,FALSE,FALSE
2026-568,24,21-284.301,14B,,,,,,,,22-022.903,15B,,,,,,,,FALSE,FALSE
2026-567,12,15-228.904,01B,,,,,,,,22-022.905,15B,,,,,,,,FALSE,FALSE
2026-566,12,16-527.902,02B - 04A,,,,,,,,22-022.905,15B,,,,,,,,FALSE,FALSE
2026-565,12,17-399.901,04A,,,,,,,,22-022.905,15B,,,,,,,,FALSE,FALSE
2026-564,12,17-399.904,04A - 03A,,,,,,,,22-022.905,15B,,,,,,,,FALSE,FALSE
2026-563,12,17-407.905,03A,,,,,,,,22-022.905,15B,,,,,,,,FALSE,FALSE
2026-562,12,17-434.902,03A,,,,,,,,22-022.905,15B,,,,,,,,FALSE,FALSE
2026-561,12,17-435.901,03A,,,,,,,,22-022.905,15B,,,,,,,,FALSE,FALSE
2026-560,12,18-237.003,04B,,,,,,,,22-022.905,15B,,,,,,,,FALSE,FALSE
2026-559,12,21-284.301,14B,,,,,,,,22-022.905,15B,,,,,,,,FALSE,FALSE
2026-558,12,22-022.903,15B,,,,,,,,22-022.905,15B,,,,,,,,FALSE,FALSE
2026-557,24,21-363.906,14B,,,,,,,,22-024.903,15A,,,,,,,,FALSE,FALSE
2026-556,24,16-522.902,02B,,,,,,,,22-024.903,15A,,,,,,,,FALSE,FALSE
2026-555,24,17-434.902,03A,,,,,,,,22-024.906,13B,,,,,,,,FALSE,FALSE
2026-554,24,21-363.906,14B,,,,,,,,22-032.901,13B,,,,,,,,FALSE,FALSE
2026-553,24,21-363.906,14B,,,,,,,,22-038.901,13B,,,,,,,,FALSE,FALSE
2026-552,24,22-005.906,13A,,,,,,,,22-043.902,13A - 13B,,,,,,,,FALSE,FALSE
2026-551,24,17-434.902,03A,,,,,,,,22-043.904,19A,,,,,,,,FALSE,FALSE
2026-550,24,16-405.901,02B,,,,,,,,22-043.904,19A,,,,,,,,FALSE,FALSE
2026-549,24,22-005.905,13A,,,,,,,,22-044.901,19A,,,,,,,,TRUE,TRUE
2026-548,24,22-005.905,13A,,,,,,,,22-044.903,19A,,,,,,,,TRUE,TRUE
2026-547,24,17-434.902,03A,,,,,,,,22-045.904,19A,,,,,,,,FALSE,FALSE
2026-546,24,22-005.905,13A,,,,,,,,22-045.904,19A,,,,,,,,TRUE,TRUE
2026-545,24,17-434.902,03A,,,,,,,,22-046.901,17A,,,,,,,,FALSE,FALSE
2026-544,24,22-005.905,13A,,,,,,,,22-046.901,17A,,,,,,,,TRUE,TRUE
2026-543,31,21-361.901,07A,,,,,,,,22-046.901,17A,,,,,,,,TRUE,TRUE
2026-542,24,21-361.901,07A,,,,,,,,22-051.902,17A,,,,,,,,TRUE,TRUE
2026-541,24,22-016.903,15A,,,,,,,,22-051.902,17A,,,,,,,,FALSE,FALSE
2026-540,24,22-051.901,17A,,,,,,,,22-051.902,17A,,,,,,,,FALSE,FALSE
2026-539,24,16-522.902,02B,,,,,,,,22-051.902,17A,,,,,,,,FALSE,FALSE
2026-538,24,17-435.901,03A,,,,,,,,22-057.901,17B,,,,,,,,FALSE,FALSE
2026-537,24,21-363.906,14B,,,,,,,,22-057.901,17B,,,,,,,,TRUE,TRUE
2026-536,24,22-004.902,16A,,,,,,,,22-057.901,17B,,,,,,,,TRUE,TRUE
2026-535,24,18-237.003,04B,,,,,,,,22-057.901,17B,,,,,,,,FALSE,FALSE
2026-534,24,21-284.301,14B,,,,,,,,22-057.901,17B,,,,,,,,FALSE,FALSE
2026-533,24,21-361.901,07A,,,,,,,,22-057.902,17B,,,,,,,,TRUE,TRUE
2026-532,24,22-012.902,15A,,,,,,,,22-057.902,17B,,,,,,,,FALSE,FALSE
2026-531,24,18-237.003,04B,,,,,,,,22-057.902,17B,,,,,,,,FALSE,FALSE
2026-530,24,18-194.001,03B,,,,,,,,22-057.902,17B,,,,,,,,FALSE,FALSE
2026-529,24,17-434.902,03A,,,,,,,,22-057.902,17B,,,,,,,,FALSE,FALSE
2026-528,24,21-284.301,14B,,,,,,,,22-057.903,19B,,,,,,,,FALSE,FALSE
2026-527,24,22-057.901,17B,,,,,,,,22-077.901,19B,,,,,,,,FALSE,FALSE
2026-526,24,22-022.905,15B,,,,,,,,22-078.901,19B,,,,,,,,FALSE,FALSE
2026-525,24,21-363.906,14B,,,,,,,,22-085.903,19B,,,,,,,,TRUE,TRUE
2026-524,24,21-284.301,14B,,,,,,,,22-585.301,19B,,,,,,,,FALSE,FALSE
2026-523,24,N169.901,07A,,,,,,,,21-361.901,07A,,,,,,,,FALSE,FALSE
2026-522,12,N244.903,07A,,,,,,,,16-405.901,02B,,,,,,,,FALSE,FALSE
2026-521,24,P048.003,07A,,,,,,,,22-004.902,16A,,,,,,,,FALSE,FALSE
2026-520,24,P187.001,07A,,,,,,,,21-363.906,14B,,,,,,,,FALSE,FALSE
2026-519,24,P187.001,07A,,,,,,,,22-005.905,13A,,,,,,,,FALSE,FALSE
2026-518,24,P187.001,07A,,,,,,,,22-045.904,19A,,,,,,,,FALSE,FALSE
2026-517,24,P187.001,07A,,,,,,,,22-046.901,17A,,,,,,,,FALSE,FALSE
2026-516,36,P187.001,07A,,,,,,,,18-237.003,04B,,,,,,,,FALSE,FALSE
2026-515,24,R135.001,07B,,,,,,,,18-237.003,04B,,,,,,,,FALSE,FALSE
2026-514,36,R143.002,07B - 08B,,,,,,,,21-284.301,14B,,,,,,,,FALSE,FALSE
2026-513,24,S223.901,08B,,,,,,,,22-022.905,15B,,,,,,,,FALSE,FALSE
2026-512,36,S256.904,08B - 10A,,,,,,,,15-228.904,01B,,,,,,,,FALSE,FALSE
2026-511,24,S256.904,08B - 10A,,,,,,,,17-434.902,03A,,,,,,,,FALSE,FALSE
2026-510,24,S256.904,08B - 10A,,,,,,,,21-361.901,07A,,,,,,,,FALSE,FALSE
2026-509,12,S256.904,08B - 10A,,,,,,,,22-057.902,17B,,,,,,,,FALSE,FALSE
2026-508,24,S256.904,08B - 10A,,,,,,,,18-194.001,03B,,,,,,,,FALSE,FALSE
2026-507,12,S256.904,08B - 10A,,,,,,,,19-020.902,05B,,,,,,,,FALSE,FALSE
2026-506,12,S256.904,08B - 10A,,,,,,,,22-012.901,13A - 13B,,,,,,,,FALSE,FALSE
2026-505,12,S256.904,08B - 10A,,,,,,,,22-012.902,15A,,,,,,,,FALSE,FALSE
2026-504,12,S256.904,08B - 10A,,,,,,,,22-043.901,17A,,,,,,,,FALSE,FALSE
2026-503,12,S256.904,08B - 10A,,,,,,,,17-399.904,04A - 03A,,,,,,,,FALSE,FALSE
2026-502,12,S256.904,08B - 10A,,,,,,,,22-022.903,15B,,,,,,,,FALSE,FALSE
2026-501,12,S256.904,08B - 10A,,,,,,,,22-022.905,15B,,,,,,,,FALSE,FALSE
2026-500,11,18-005.001,03B,,,,,,,,16-127.101,10B,,,,,,,,FALSE,FALSE
2026-499,11,18-005.001,03B,,,,,,,,16-527.902,02B - 04A,,,,,,,,FALSE,FALSE
2026-498,4,18-005.001,03B,,,,,,,,16-007.401,20A,,,,,,,,FALSE,FALSE
2026-497,11,18-005.001,03B,,,,,,,,_45K308,10A,,,,,,,,FALSE,FALSE
2026-496,11,18-005.001,03B,,,,,,,,14-063.103,10A - 09A,,,,,,,,FALSE,FALSE
2026-495,11,18-005.001,03B,,,,,,,,16-176.101,10B,,,,,,,,FALSE,FALSE
2026-494,11,18-005.001,03B,,,,,,,,17-458.902,03A - 03B,,,,,,,,FALSE,FALSE
2026-493,21,18-029.004,03B,,,,,,,,_45K308,10A,,,,,,,,FALSE,FALSE
2026-492,11,18-132.401,18B,,,,,,,,18-005.001,03B,,,,,,,,FALSE,FALSE
2026-491,11,18-168.103,20A,,,,,,,,18-005.001,03B,,,,,,,,FALSE,FALSE
2026-490,11,18-168.104,11A,,,,,,,,18-005.001,03B,,,,,,,,FALSE,FALSE
2026-489,11,18-169.101,20B,,,,,,,,18-005.001,03B,,,,,,,,FALSE,FALSE
2026-488,11,18-233.401,20B,,,,,,,,18-005.001,03B,,,,,,,,FALSE,FALSE
2026-487,11,18-252.401,20B,,,,,,,,18-005.001,03B,,,,,,,,FALSE,FALSE
2026-486,9,18-274.401,22A,,,,,,,,_92D  9,10A,,,,,,,,FALSE,FALSE
2026-485,9,18-274.401,22A,,,,,,,,18-029.004,03B,,,,,,,,FALSE,FALSE
2026-484,5,18-274.401,22A,,,,,,,,18-005.001,03B,,,,,,,,FALSE,FALSE
2026-483,11,21-351.901,08A,,,,,,,,18-005.001,03B,,,,,,,,FALSE,FALSE
2026-482,11,18-005.001,03B,,,,,,,,22-044.903,19A,,,,,,,,FALSE,FALSE
2026-481,21,21-363.906,14B,,,,,,,,22-024.906,13B,,,,,,,,FALSE,FALSE
2026-480,21,21-363.906,14B,,,,,,,,22-045.904,19A,,,,,,,,TRUE,TRUE
2026-479,21,21-363.906,14B,,,,,,,,22-046.901,17A,,,,,,,,FALSE,FALSE
2026-478,21,19-021.904,05B,,,,,,,,16-405.901,02B,,,,,,,,FALSE,FALSE
2026-477,11,19-021.904,05B,,,,,,,,15-216.910,01B,,,,,,,,FALSE,FALSE
2026-476,51,21-349.908,08A,,,,,,,,19-021.905,06B,,,,,,,,FALSE,FALSE
2026-475,51,21-361.901,07A,,,,,,,,16-522.902,02B,,,,,,,,TRUE,TRUE
2026-474,21,21-361.901,07A,,,,,,,,15-228.904,01B,,,,,,,,TRUE,TRUE
2026-473,9,21-361.901,07A,,,,,,,,19-018.902,05A - 05B,,,,,,,,FALSE,FALSE
2026-472,9,21-363.906,14B,,,,,,,,21-361.901,07A,,,,,,,,FALSE,FALSE
2026-471,21,21-363.906,14B,,,,,,,,15-216.910,01B,,,,,,,,FALSE,FALSE
2026-470,51,21-363.906,14B,,,,,,,,17-096.913,04A,,,,,,,,FALSE,FALSE
2026-469,9,21-363.906,14B,,,,,,,,16-403.901,01B,,,,,,,,FALSE,FALSE
2026-468,21,21-365.909,07A,,,,,,,,15-216.910,01B,,,,,,,,FALSE,FALSE
2026-467,21,21-365.909,07A,,,,,,,,21-363.906,14B,,,,,,,,FALSE,FALSE
2026-466,21,15-216.910,01B,,,,,,,,22-004.902,16A,,,,,,,,FALSE,FALSE
2026-465,21,21-363.906,14B,,,,,,,,22-018.901,15A,,,,,,,,TRUE,TRUE
2026-464,21,21-361.901,07A,,,,,,,,22-019.904,15B,,,,,,,,TRUE,TRUE
2026-463,21,18-397.905,06A,,,,,,,,22-020.901,15B,,,,,,,,FALSE,FALSE
2026-462,21,21-361.901,07A,,,,,,,,22-024.906,13B,,,,,,,,TRUE,TRUE
2026-461,21,21-361.901,07A,,,,,,,,22-045.904,19A,,,,,,,,TRUE,TRUE
2026-460,21,19-021.904,05B,,,,,,,,22-050.901,17A,,,,,,,,FALSE,FALSE
2026-459,21,19-017.901,05A,,,,,,,,22-051.902,17A,,,,,,,,FALSE,FALSE
2026-458,21,19-021.904,05B,,,,,,,,22-055.902,17B,,,,,,,,FALSE,FALSE
2026-457,21,19-021.905,06B,,,,,,,,22-055.902,17B,,,,,,,,FALSE,FALSE
2026-456,21,21-363.906,14B,,,,,,,,22-056.901,17B,,,,,,,,FALSE,FALSE
2026-455,21,N244.903,07A,,,,,,,,22-051.902,17A,,,,,,,,FALSE,FALSE
2026-454,51,Q192.901,07B,,,,,,,,19-021.905,06B,,,,,,,,FALSE,FALSE
2026-453,51,Q192.901,07B,,,,,,,,19-017.901,05A,,,,,,,,FALSE,FALSE
2026-452,21,22-020.901,15B,,,,,,,,22-013.901,15A,,,,,,,,FALSE,FALSE
2026-451,4,18-005.001,03B,,,,,,,,15-216.910,01B,,,,,,,,FALSE,FALSE
2026-450,11,18-131.402,18B,,,,,,,,18-005.001,03B,,,,,,,,FALSE,FALSE
2026-449,9,21-351.901,08A,,,,,,,,18-233.401,20B,,,,,,,,FALSE,FALSE
2026-448,11,21-363.906,14B,,,,,,,,18-005.001,03B,,,,,,,,FALSE,FALSE
2026-447,21,21-365.909,07A,,,,,,,,16-007.401,20A,,,,,,,,FALSE,FALSE
2026-446,21,21-365.910,07A,,,,,,,,16-007.401,20A,,,,,,,,FALSE,FALSE
2026-445,11,18-005.001,03B,,,,,,,,22-004.902,16A,,,,,,,,FALSE,FALSE
2026-444,21,18-233.401,20B,,,,,,,,22-044.903,19A,,,,,,,,FALSE,FALSE
2026-443,11,18-005.001,03B,,,,,,,,22-085.903,19B,,,,,,,,FALSE,FALSE
2026-442,11,S256.901,08B,,,,,,,,18-005.001,03B,,,,,,,,FALSE,FALSE
2026-441,21,16-178.101,10B - 12A,,,,,,,,22-044.901,19A,,,,,,,,FALSE,FALSE
2026-440,21,16-178.101,10B - 12A,,,,,,,,22-020.901,15B,,,,,,,,FALSE,FALSE
2026-439,21,16-178.101,10B - 12A,,,,,,,,22-008.901,13A,,,,,,,,FALSE,FALSE
2026-438,9,16-091.403,10B,,,,,,,,16-007.401,20A,,,,,,,,FALSE,FALSE
2026-437,9,16-094.404,20A,,,,,,,,16-007.401,20A,,,,,,,,FALSE,FALSE
2026-436,21,16-178.101,10B - 12A,,,,,,,,16-007.401,20A,,,,,,,,FALSE,FALSE
2026-435,4,18-005.001,03B,,,,,,,,16-094.404,20A,,,,,,,,FALSE,FALSE
2026-434,11,18-005.001,03B,,,,,,,,16-058.403,09B,,,,,,,,FALSE,FALSE
2026-433,11,18-131.401,18A,,,,,,,,18-005.001,03B,,,,,,,,FALSE,FALSE
2026-432,21,18-131.405,18B,,,,,,,,16-007.401,20A,,,,,,,,FALSE,FALSE
2026-431,11,18-145.103,18B,,,,,,,,18-005.001,03B,,,,,,,,FALSE,FALSE
2026-430,11,18-169.101,20B,,,,,,,,16-007.401,20A,,,,,,,,FALSE,FALSE
2026-429,21,18-233.401,20B,,,,,,,,16-007.401,20A,,,,,,,,FALSE,FALSE
2026-428,11,20-114.105,11B,,,,,,,,16-007.401,20A,,,,,,,,FALSE,FALSE
2026-427,9,21-351.901,08A,,,,,,,,18-252.401,20B,,,,,,,,FALSE,FALSE
2026-426,21,18-252.401,20B,,,,,,,,22-044.903,19A,,,,,,,,FALSE,FALSE
2026-425,11,S010.104,16B,,,,,,,,18-005.001,03B,,,,,,,,FALSE,FALSE
2026-424,41,17-435.901,03A,,,,,,,,21-363.906,14B,,,,,,,,FALSE,FALSE
2026-423,21,21-363.906,14B,,,,,,,,22-004.902,16A,,,,,,,,FALSE,FALSE
2026-422,21,21-363.906,14B,,,,,,,,22-005.907,13A,,,,,,,,FALSE,FALSE
2026-421,31,19-008.901,05A,,,,,,,,_45K308,10A,,,,,,,,FALSE,FALSE
2026-420,51,19-248.401,22A,,,,,,,,_45K308,10A,,,,,,,,FALSE,FALSE
2026-419,21,19-248.401,22A,,,,,,,,15-216.910,01B,,,,,,,,FALSE,FALSE
2026-418,21,18-274.401,22A,,,,,,,,22-052.906,17A,,,,,,,,FALSE,FALSE
2026-417,21,S022.102,16B,,,,,,,,22-044.903,19A,,,,,,,,FALSE,FALSE
2026-416,9,21-363.906,14B,,,,,,,,21-349.908,08A,,,,,,,,FALSE,FALSE
2026-415,21,21-363.906,14B,,,,,,,,22-051.902,17A,,,,,,,,TRUE,TRUE
2026-414,21,19-017.901,05A,,,,,,,,22-053.901,17A,,,,,,,,FALSE,FALSE
2026-413,21,19-017.901,05A,,,,,,,,22-043.902,13A - 13B,,,,,,,,FALSE,FALSE
2026-412,21,19-017.901,05A,,,,,,,,22-008.902,13A,,,,,,,,FALSE,FALSE
2026-411,21,19-017.901,05A,,,,,,,,22-043.904,19A,,,,,,,,FALSE,FALSE
2026-410,21,19-017.901,05A,,,,,,,,22-005.904,13A,,,,,,,,FALSE,FALSE
2026-409,21,19-017.901,05A,,,,,,,,22-051.901,17A,,,,,,,,FALSE,FALSE
2026-408,21,20-031.902,08A,,,,,,,,22-044.901,19A,,,,,,,,FALSE,FALSE
2026-407,21,20-031.902,08A,,,,,,,,22-008.901,13A,,,,,,,,FALSE,FALSE
2026-406,21,20-031.904,08A,,,,,,,,22-020.901,15B,,,,,,,,FALSE,FALSE
2026-405,21,16-178.101,10B - 12A,,,,,,,,_92D  9,10A,,,,,,,,FALSE,FALSE
2026-404,21,17-344.401,18A,,,,,,,,_92D  9,10A,,,,,,,,FALSE,FALSE
2026-403,9,18-029.004,03B,,,,,,,,16-178.101,10B - 12A,,,,,,,,FALSE,FALSE
2026-402,41,18-031.002,03B,,,,,,,,_92D  9,10A,,,,,,,,FALSE,FALSE
2026-401,21,18-169.101,20B,,,,,,,,_92D  9,10A,,,,,,,,FALSE,FALSE
2026-400,21,_92D  9,10A,,,,,,,,22-046.901,17A,,,,,,,,FALSE,FALSE
2026-399,21,P187.001,07A,,,,,,,,_92D  9,10A,,,,,,,,FALSE,FALSE
2026-398,21,19-017.901,05A,,,,,,,,22-044.901,19A,,,,,,,,FALSE,FALSE
2026-397,21,19-017.901,05A,,,,,,,,22-008.901,13A,,,,,,,,FALSE,FALSE
2026-396,9,R068.104,16A,,,,,,,,15-228.904,01B,,,,,,,,FALSE,FALSE
2026-395,9,R068.104,16A,,,,,,,,15-216.910,01B,,,,,,,,FALSE,FALSE
2026-394,21,R068.104,16A,,,,,,,,22-045.904,19A,,,,,,,,FALSE,FALSE
2026-393,21,16-416.901,02B,,,,,,,,22-004.901,23A - 23B,,,,,,,,FALSE,FALSE
2026-392,21,16-416.901,02B,,,,,,,,22-004.902,16A,,,,,,,,FALSE,FALSE
2026-391,21,R068.104,16A,,,,,,,,22-057.903,19B,,,,,,,,FALSE,FALSE
2026-390,21,R068.104,16A,,,,,,,,22-057.901,17B,,,,,,,,FALSE,FALSE
2026-389,21,R068.104,16A,,,,,,,,22-057.902,17B,,,,,,,,FALSE,FALSE
2026-388,11,19-017.901,05A,,,,,,,,15-216.910,01B,,,,,,,,FALSE,FALSE
2026-387,9,19-043.902,08A,,,,,,,,15-216.910,01B,,,,,,,,FALSE,FALSE
2026-386,21,19-021.905,06B,,,,,,,,22-055.901,17B,,,,,,,,FALSE,FALSE
2026-385,21,19-018.902,05A - 05B,,,,,,,,22-055.901,17B,,,,,,,,FALSE,FALSE
2026-384,21,19-021.914,06B,,,,,,,,22-050.901,17A,,,,,,,,FALSE,FALSE
2026-383,10,_45K308,10A,,,,,,,,20-029.909,Budwood for P2 - Budwood for P2,,,,,,,,FALSE,FALSE
2026-382,10,_45K308,10A,,,,,,,,20-024.904,Budwood for P2 - Budwood for P2,,,,,,,,FALSE,FALSE
2026-381,10,19-018.903,05B,,,,,,,,20-024.904,Budwood for P2 - Budwood for P2,,,,,,,,FALSE,FALSE
2026-380,10,19-018.903,05B,,,,,,,,20-029.909,Budwood for P2 - Budwood for P2,,,,,,,,FALSE,FALSE
2026-379,10,19-025.903,06B,,,,,,,,20-024.904,Budwood for P2 - Budwood for P2,,,,,,,,FALSE,FALSE
2026-378,10,19-025.903,06B,,,,,,,,20-029.909,Budwood for P2 - Budwood for P2,,,,,,,,FALSE,FALSE
2026-377,10,18-377.905,06A,,,,,,,,20-325.907,Budwood for P2 - Budwood for P2,,,,,,,,FALSE,FALSE
2026-376,247,16-058.402,,,,,,,,,18-262.401,,,,,,,,,FALSE,FALSE
2026-375,247,17-009.102,,,,,,,,,18-262.401,,,,,,,,,FALSE,FALSE
2026-374,247,18-262.401,,,,,,,,,17-040.102,,,,,,,,,FALSE,FALSE
2026-373,412,17-344.401,,,,,,,,,18-262.401,,,,,,,,,FALSE,FALSE
2026-372,24,18-145.103,18B,,,,,,,,18-215.101,11A,,,,,,,,FALSE,FALSE
2026-371,35,P192.104,24A,,,,,,,,18-145.103,18B,,,,,,,,FALSE,FALSE
2026-370,24,18-169.101,20B,,,,,,,,18-145.103,18B,,,,,,,,FALSE,FALSE
2026-369,35,P192.104,24A,,,,,,,,18-215.101,11A,,,,,,,,FALSE,FALSE
2026-368,35,19-274.402,22A - 24B,,,,,,,,18-215.101,11A,,,,,,,,FALSE,FALSE
2026-367,35,R069.101,16A,,,,,,,,20-121.102,11B,,,,,,,,FALSE,FALSE
2026-366,35,18-145.103,18B,,,,,,,,20-121.102,11B,,,,,,,,FALSE,FALSE
2026-365,24,18-215.101,11A,,,,,,,,20-121.102,11B,,,,,,,,FALSE,FALSE
2026-364,1143,16-136.403,,,,,,,,,19-081.402,,,,,,,,,FALSE,FALSE
2026-363,457,20-384.402,,,,,,,,,18-255.403,,,,,,,,,FALSE,FALSE
2026-362,1828,19-081.402,,,,,,,,,18-282.403,,,,,,,,,FALSE,FALSE
2026-361,686,19-274.403,,,,,,,,,18-282.403,,,,,,,,,FALSE,FALSE
2026-360,686,18-265.403,,,,,,,,,16-091.403,,,,,,,,,FALSE,FALSE
2026-359,686,18-265.403,,,,,,,,,16-346.501,,,,,,,,,FALSE,FALSE
2026-358,457,18-131.402,,,,,,,,,16-072.403,,,,,,,,,FALSE,FALSE
2026-357,457,20-408.406,,,,,,,,,16-063.402,,,,,,,,,FALSE,FALSE
2026-356,457,18-183.101,,,,,,,,,16-063.402,,,,,,,,,FALSE,FALSE
2026-355,457,_45K308,,,,,,,,,17-492.402,,,,,,,,,FALSE,FALSE
2026-354,457,20-420.402,,,,,,,,,R008.102,,,,,,,,,FALSE,FALSE
2026-353,686,17-492.402,,,,,,,,,18-131.404,,,,,,,,,FALSE,FALSE
2026-352,1143,16-072.403,,,,,,,,,20-384.403,,,,,,,,,FALSE,FALSE
2026-351,686,16-112.401,,,,,,,,,20-427.402,,,,,,,,,FALSE,FALSE
2026-350,457,17-016.102,,,,,,,,,16-112.401,,,,,,,,,FALSE,FALSE
2026-349,457,20-384.403,,,,,,,,,18-168.104,,,,,,,,,FALSE,FALSE
2026-348,457,_45K308,,,,,,,,,16-091.403,,,,,,,,,FALSE,FALSE
2026-347,457,R068.101,,,,,,,,,17-040.102,,,,,,,,,FALSE,FALSE
2026-346,457,18-131.405,,,,,,,,,17-040.102,,,,,,,,,FALSE,FALSE
2026-345,457,16-136.403,,,,,,,,,17-040.102,,,,,,,,,FALSE,FALSE
2026-344,457,18-265.404,,,,,,,,,17-040.102,,,,,,,,,FALSE,FALSE
2026-343,457,18-131.401,,,,,,,,,17-040.102,,,,,,,,,FALSE,FALSE
2026-342,457,18-137.402,,,,,,,,,17-040.102,,,,,,,,,FALSE,FALSE
2026-341,457,17-040.102,,,,,,,,,16-136.402,,,,,,,,,FALSE,FALSE
2026-340,686,18-234.401,,,,,,,,,18-183.101,,,,,,,,,FALSE,FALSE
2026-339,457,19-274.403,,,,,,,,,18-234.401,,,,,,,,,FALSE,FALSE
2026-338,457,19-274.401,,,,,,,,,18-132.401,,,,,,,,,FALSE,FALSE
2026-337,457,P192.104,,,,,,,,,16-346.501,,,,,,,,,FALSE,FALSE
2026-336,686,P192.104,,,,,,,,,20-408.404,,,,,,,,,FALSE,FALSE
2026-335,457,P192.104,,,,,,,,,16-137.403,,,,,,,,,FALSE,FALSE
2026-334,457,P192.104,,,,,,,,,18-132.401,,,,,,,,,FALSE,FALSE
2026-333,457,P192.104,,,,,,,,,19-274.401,,,,,,,,,FALSE,FALSE
2026-332,457,19-281.401,,,,,,,,,R075.103,,,,,,,,,FALSE,FALSE
2026-331,686,18-250.402,,,,,,,,,19-009.401,,,,,,,,,FALSE,FALSE
2026-330,457,19-174.401,,,,,,,,,18-137.401,,,,,,,,,FALSE,FALSE
2026-329,686,18-129.401,,,,,,,,,16-058.402,,,,,,,,,FALSE,FALSE
2026-328,457,19-163.403,,,,,,,,,19-081.105,,,,,,,,,FALSE,FALSE
2026-327,457,20-384.402,,,,,,,,,18-137.401,,,,,,,,,FALSE,FALSE
2026-326,686,20-408.406,,,,,,,,,18-183.101,,,,,,,,,FALSE,FALSE
2026-325,686,P192.104,,,,,,,,,16-091.403,,,,,,,,,FALSE,FALSE
2026-324,457,16-091.403,,,,,,,,,19-276.402,,,,,,,,,FALSE,FALSE
2026-323,457,19-276.402,,,,,,,,,18-131.405,,,,,,,,,FALSE,FALSE
2026-322,457,19-171.401,,,,,,,,,16-137.403,,,,,,,,,FALSE,FALSE
2026-321,457,18-185.108,,,,,,,,,16-091.403,,,,,,,,,FALSE,FALSE
2026-320,457,18-265.404,,,,,,,,,R068.104,,,,,,,,,FALSE,FALSE
2026-319,686,19-081.105,,,,,,,,,18-265.404,,,,,,,,,FALSE,FALSE
2026-318,457,18-131.405,,,,,,,,,18-138.102,,,,,,,,,FALSE,FALSE
2026-317,457,20-408.402,,,,,,,,,18-138.102,,,,,,,,,FALSE,FALSE
2026-316,457,18-183.101,,,,,,,,,R075.103,,,,,,,,,FALSE,FALSE
2026-315,457,18-131.402,,,,,,,,,18-250.402,,,,,,,,,FALSE,FALSE
2026-314,457,18-233.401,,,,,,,,,18-129.401,,,,,,,,,FALSE,FALSE
2026-313,686,18-250.402,,,,,,,,,16-091.403,,,,,,,,,FALSE,FALSE
2026-312,457,19-278.401,,,,,,,,,18-250.402,,,,,,,,,FALSE,FALSE
2026-311,457,20-374.401,,,,,,,,,18-265.403,,,,,,,,,FALSE,FALSE
2026-310,1143,20-408.402,,,,,,,,,18-131.401,,,,,,,,,FALSE,FALSE
2026-309,457,18-234.401,,,,,,,,,20-374.401,,,,,,,,,FALSE,FALSE
2026-374,31,17-040.102,Terraza 2,B06,,,,,,,18-262.401,,,,,,,,,FALSE,FALSE
2026-265,66,16-136.403,Terraza 2,B06,Terraza 2,B06,,,,,23P345.002R,,B09,,,,,,,FALSE,FALSE
2026-268,66,16-112.102,,,,,,,,,19-248.401,,,,,,,,,FALSE,FALSE
2026-270,66,16-112.102,,,,,,,,,19-281.402,,,,,,,,,FALSE,FALSE
2026-272,66,19-248.401,,,,,,,,,16-058.404,,,,,,,,,TRUE,TRUE
2026-274,66,Q097.101,,,,,,,,,19-274.403,,,,,,,,,FALSE,FALSE
2026-276,66,16-058.403,,,,,,,,,19-274.403,,,,,,,,,FALSE,FALSE
2026-278,66,16-091.401,,,,,,,,,23P396.007,,,,,,,,,FALSE,FALSE
2026-280,66,15-060.102,,,,,,,,,16-091.401,,,,,,,,,FALSE,FALSE
2026-282,66,T075.103,,,,,,,,,16-091.401,,,,,,,,,FALSE,FALSE
2026-284,66,16-136.403,Terraza 2,B06,Terraza 2,B06,,,,,16-091.401,,,,,,,,,FALSE,FALSE
2026-286,66,16-136.403,Terraza 2,B06,Terraza 2,B06,,,,,23P396.007,,,,,,,,,FALSE,FALSE
2026-288,66,16-136.403,Terraza 2,B06,Terraza 2,B06,,,,,23P364.002,,,,,,,,,FALSE,FALSE
2026-290,66,16-136.403,Terraza 2,B06,Terraza 2,B06,,,,,23P397.004,,,,,,,,,FALSE,FALSE
2026-292,66,16-136.403,Terraza 2,B06,Terraza 2,B06,,,,,23P396.005,,,,,,,,,FALSE,FALSE
2026-294,66,16-136.403,Terraza 2,B06,Terraza 2,B06,,,,,23P408.001,,,,,,,,,FALSE,FALSE
2026-296,66,23P408.001,,,,,,,,,19-248.401,,,,,,,,,FALSE,FALSE
2026-298,66,23P360.001,,,,,,,,,19-248.401,,,,,,,,,FALSE,FALSE
2026-300,66,23P393.002,,,,,,,,,19-248.401,,,,,,,,,FALSE,FALSE
2026-302,66,17-009.102,,,,,,,,,19-248.401,,,,,,,,,FALSE,FALSE
2026-304,66,16-091.401,,,,,,,,,19-248.401,,,,,,,,,FALSE,FALSE
2026-306,66,16-094.404,,,,,,,,,18-262.401,,,,,,,,,FALSE,FALSE
2026-267,66,17-037.103,Terraza 2,B06,,,,,,,17-040.102,Terraza 2,B06,,,,,,,FALSE,FALSE
2026-269,66,16-112.102,,,,,,,,,19-251.401,,,,,,,,,FALSE,FALSE
2026-271,66,19-251.401,,,,,,,,,16-058.404,,,,,,,,,FALSE,FALSE
2026-273,66,17-040.102,Terraza 2,B06,,,,,,,19-274.403,,,,,,,,,FALSE,FALSE
2026-275,66,16-136.403,Terraza 2,B06,Terraza 2,B06,,,,,19-274.403,,,,,,,,,FALSE,FALSE
2026-277,66,16-058.402,,,,,,,,,19-274.403,,,,,,,,,FALSE,FALSE
2026-279,66,16-112.102,,,,,,,,,16-091.401,,,,,,,,,FALSE,FALSE
2026-281,66,16-058.402,,,,,,,,,16-091.401,,,,,,,,,FALSE,FALSE
2026-283,66,16-058.404,,,,,,,,,16-091.401,,,,,,,,,FALSE,FALSE
2026-285,66,17-037.103,Terraza 2,B06,,,,,,,16-091.401,,,,,,,,,FALSE,FALSE
2026-287,66,16-136.403,Terraza 2,B06,Terraza 2,B06,,,,,23P414.001,,,,,,,,,FALSE,FALSE
2026-289,66,16-136.403,Terraza 2,B06,Terraza 2,B06,,,,,23P360.001,,,,,,,,,FALSE,FALSE
2026-291,66,16-136.403,Terraza 2,B06,Terraza 2,B06,,,,,23P405.004,,,,,,,,,FALSE,FALSE
2026-293,66,16-136.403,Terraza 2,B06,Terraza 2,B06,,,,,23P393.002,,,,,,,,,FALSE,FALSE
2026-295,66,16-136.403,Terraza 2,B06,Terraza 2,B06,,,,,19-251.401,,,,,,,,,FALSE,FALSE
2026-297,66,23P364.002,,,,,,,,,19-248.401,,,,,,,,,FALSE,FALSE
2026-299,66,23P396.005,,,,,,,,,19-248.401,,,,,,,,,FALSE,FALSE
2026-301,66,23P396.007,,,,,,,,,19-248.401,,,,,,,,,FALSE,FALSE
2026-303,66,16-136.403,Terraza 2,B06,Terraza 2,B06,,,,,19-248.401,,,,,,,,,FALSE,FALSE
2026-305,66,19-281.402,,,,,,,,,18-262.401,,,,,,,,,FALSE,FALSE
2026-307,66,16-063.402,,,,,,,,,18-262.401,,,,,,,,,FALSE,FALSE
